{
  "id": "2319200",
  "name": "xiaomi",
  "font_family": "iconfont",
  "css_prefix_text": "icon-",
  "description": "",
  "glyphs": [
    {
      "icon_id": "1306",
      "name": "购物车空",
      "font_class": "gouwuchekong",
      "unicode": "e600",
      "unicode_decimal": 58880
    },
    {
      "icon_id": "411786",
      "name": "15",
      "font_class": "15",
      "unicode": "e638",
      "unicode_decimal": 58936
    },
    {
      "icon_id": "551966",
      "name": "箭头",
      "font_class": "arrow-right-copy-copy-copy",
      "unicode": "e604",
      "unicode_decimal": 58884
    },
    {
      "icon_id": "584251",
      "name": "右箭头",
      "font_class": "iconfontjiantou5",
      "unicode": "e635",
      "unicode_decimal": 58933
    },
    {
      "icon_id": "778500",
      "name": "右箭头",
      "font_class": "youjiantou",
      "unicode": "e619",
      "unicode_decimal": 58905
    },
    {
      "icon_id": "829225",
      "name": "礼物",
      "font_class": "liwu",
      "unicode": "e685",
      "unicode_decimal": 59013
    },
    {
      "icon_id": "881589",
      "name": "7",
      "font_class": "7",
      "unicode": "e601",
      "unicode_decimal": 58881
    },
    {
      "icon_id": "1110404",
      "name": "箭头 左 小",
      "font_class": "jiantou2",
      "unicode": "e605",
      "unicode_decimal": 58885
    },
    {
      "icon_id": "1127400",
      "name": "右箭头",
      "font_class": "rightarrow",
      "unicode": "e626",
      "unicode_decimal": 58918
    },
    {
      "icon_id": "1403435",
      "name": "小米",
      "font_class": "xiaomi",
      "unicode": "e832",
      "unicode_decimal": 59442
    },
    {
      "icon_id": "3739983",
      "name": "放大镜",
      "font_class": "fangdajing",
      "unicode": "e613",
      "unicode_decimal": 58899
    },
    {
      "icon_id": "6275359",
      "name": "定位",
      "font_class": "icon-test",
      "unicode": "e61b",
      "unicode_decimal": 58907
    },
    {
      "icon_id": "15644304",
      "name": "扳手",
      "font_class": "banshou",
      "unicode": "e6b9",
      "unicode_decimal": 59065
    }
  ]
}
